{"cameraMode":{"drawMode":0,"name":"Shaded","section":"Shading Mode"},"sceneLighting":true,"audioPlay":false,"sceneViewState":{"showFog":true,"showMaterialUpdate":false,"showSkybox":false,"showFlares":true,"showImageEffects":true,"showParticleSystems":true},"in2DMode":false,"pivot":{"x":-4.215285301208496,"y":-63.274757385253909,"z":30.28704833984375},"rotation":{"x":0.5130866765975952,"y":-0.009016296826303006,"z":0.005389990285038948,"w":0.8582725524902344},"size":114.56916809082031,"orthographic":false}